open,high,low,close,volume,vwap,timestamp,transactions,otc
56.63,57.62,56.57,57.4,11080968.0,57.2378,2024-04-05 04:00:00,94011,
57.375,57.98,57.31,57.79,15308824.0,57.7487,2024-04-08 04:00:00,107406,
57.7,57.99,56.87,57.58,10645952.0,57.3991,2024-04-09 04:00:00,92119,
56.79,57.295,56.42,56.94,16475238.0,56.8967,2024-04-10 04:00:00,138225,
56.98,57.0,55.625,56.69,18995594.0,56.5806,2024-04-11 04:00:00,146258,
55.97,57.0,55.34,56.47,27876733.0,56.4546,2024-04-12 04:00:00,194514,
57.61,57.98,56.735,56.97,19407516.0,57.2338,2024-04-15 04:00:00,145543,
56.9,56.96,55.66,56.41,25620002.0,56.2277,2024-04-16 04:00:00,167678,
56.88,57.63,56.65,57.18,18867719.0,57.1066,2024-04-17 04:00:00,134127,
57.625,59.13,57.22,58.74,24468521.0,58.6346,2024-04-18 04:00:00,179137,
59.0,60.85,58.855,60.35,34334317.0,60.2436,2024-04-19 04:00:00,216946,
60.4,61.485,60.34,61.1,21753384.0,60.9788,2024-04-22 04:00:00,154976,
61.17,61.76,60.81,60.94,21731239.0,61.1778,2024-04-23 04:00:00,148628,
60.6,60.95,60.05,60.6,19731585.0,60.6032,2024-04-24 04:00:00,147373,
60.61,60.96,59.6,59.93,24002548.0,60.0805,2024-04-25 04:00:00,151047,
59.78,60.43,59.375,59.91,18785900.0,59.9831,2024-04-26 04:00:00,124097,
59.86,60.3,59.36,59.8,15343629.0,59.9533,2024-04-29 04:00:00,116525,
59.6,59.99,59.3,59.32,18007721.0,59.5414,2024-04-30 04:00:00,116387,
59.58,60.145,59.325,59.52,16366622.0,59.6584,2024-05-01 04:00:00,130908,
60.12,60.15,59.32,59.83,15329457.0,59.6949,2024-05-02 04:00:00,114331,
60.03,60.258,59.12,59.94,17298461.0,59.8962,2024-05-03 04:00:00,122166,
60.47,60.878,59.835,60.19,16240271.0,60.2218,2024-05-06 04:00:00,124813,
60.28,60.61,60.06,60.26,16268431.0,60.2983,2024-05-07 04:00:00,112525,
60.15,61.43,60.095,61.23,18718415.0,60.8859,2024-05-08 04:00:00,130185,
60.74,61.37,60.48,61.28,14224342.0,61.1725,2024-05-09 04:00:00,111410,
61.46,61.97,61.46,61.89,14428171.0,61.7961,2024-05-10 04:00:00,98097,
61.96,62.17,61.21,61.26,15203467.0,61.5633,2024-05-13 04:00:00,103366,
61.56,61.985,61.02,61.89,14499616.0,61.757,2024-05-14 04:00:00,124898,
62.2,62.55,61.87,62.34,17489595.0,62.2055,2024-05-15 04:00:00,114911,
62.45,62.475,60.965,61.06,21104094.0,61.5115,2024-05-16 04:00:00,147934,
61.41,61.63,60.885,61.08,15795963.0,61.1238,2024-05-17 04:00:00,121881,
60.975,61.79,60.59,60.7,15029013.0,61.0813,2024-05-20 04:00:00,114918,
60.82,61.7,60.78,61.46,18422116.0,61.4397,2024-05-21 04:00:00,116525,
61.3,61.45,60.51,60.93,10340465.0,60.939,2024-05-22 04:00:00,77148,
60.75,60.78,59.36,59.68,13056305.0,59.8389,2024-05-23 04:00:00,103970,
60.04,60.39,59.87,60.21,9913040.0,60.1159,2024-05-24 04:00:00,69050,
59.97,60.18,59.19,59.48,11276265.0,59.5497,2024-05-28 04:00:00,88054,
58.865,58.94,58.42,58.75,12835045.0,58.7206,2024-05-29 04:00:00,92567,
58.82,59.39,58.6,59.21,13584811.0,59.1019,2024-05-30 04:00:00,100142,
59.27,59.99,58.97,59.92,25386837.0,59.7464,2024-05-31 04:00:00,95199,
60.2,60.2,58.6,59.34,13206546.0,59.3092,2024-06-03 04:00:00,98493,
58.82,59.4769,58.34,58.7,12520732.0,58.7313,2024-06-04 04:00:00,101325,
58.86,58.92,58.125,58.68,11199140.0,58.5357,2024-06-05 04:00:00,85435,
58.78,58.995,57.5,57.73,18587366.0,57.9767,2024-06-06 04:00:00,137975,
57.57,58.68,57.57,58.36,14466845.0,58.3778,2024-06-07 04:00:00,100254,
57.9,58.13,57.37,57.93,12793783.0,57.8547,2024-06-10 04:00:00,96745,
57.75,57.75,56.51,57.13,19197807.0,57.1307,2024-06-11 04:00:00,143007,
58.28,58.45,57.155,57.3,16929802.0,57.549,2024-06-12 04:00:00,143079,
57.45,57.62,56.69,57.27,15963716.0,57.2849,2024-06-13 04:00:00,114023,
56.99,57.61,56.62,57.4,15375353.0,57.2607,2024-06-14 04:00:00,105740,
57.205,58.245,57.07,58.24,18361139.0,57.8963,2024-06-17 04:00:00,119200,
58.21,59.05,57.9,59.05,15547404.0,58.8623,2024-06-18 04:00:00,126270,
58.74,59.2,58.59,58.96,11985694.0,58.908,2024-06-20 04:00:00,102147,
58.295,58.46,57.32,58.1,62733159.0,58.0895,2024-06-21 04:00:00,154813,
58.49,59.46,58.27,59.01,16198325.0,59.066,2024-06-24 04:00:00,111206,
58.77,59.0,57.18,57.2,27490698.0,57.6489,2024-06-25 04:00:00,133619,
57.22,57.8,56.8259,57.01,30425651.0,57.1071,2024-06-26 04:00:00,147976,
56.41,57.47,56.33,57.42,13832248.0,57.1326,2024-06-27 04:00:00,110268,
58.09,59.45,58.09,59.39,31074465.0,59.179,2024-06-28 04:00:00,145124,
59.61,60.61,59.57,60.59,14470399.0,60.3012,2024-07-01 04:00:00,110130,
60.49,61.18,60.14,60.97,9543675.0,60.69,2024-07-02 04:00:00,77459,
61.0,61.14,60.16,60.66,6698813.0,60.5932,2024-07-03 04:00:00,57686,
60.5,60.66,59.11,59.62,11436349.0,59.5842,2024-07-05 04:00:00,96726,
59.97,60.405,58.66,59.01,12479998.0,59.1688,2024-07-08 04:00:00,98723,
59.075,60.42,58.915,59.88,12238284.0,59.7662,2024-07-09 04:00:00,102050,
59.54,59.99,59.375,59.72,12097212.0,59.6493,2024-07-10 04:00:00,103333,
59.4,60.705,59.28,60.16,16852839.0,60.1563,2024-07-11 04:00:00,128295,
56.2,56.92,55.6,56.54,53042761.0,56.342,2024-07-12 04:00:00,374282,
57.05,58.24,57.04,57.73,27277286.0,57.7484,2024-07-15 04:00:00,181587,
58.04,60.62,57.525,60.24,25577337.0,59.726,2024-07-16 04:00:00,173030,
60.16,61.0,59.885,60.91,17371094.0,60.7079,2024-07-17 04:00:00,157862,
60.62,60.82,58.99,59.24,17739015.0,59.6854,2024-07-18 04:00:00,117649,
59.3,59.77,59.11,59.23,12362828.0,59.327,2024-07-19 04:00:00,107168,
59.26,59.39,58.54,59.14,13638599.0,59.0504,2024-07-22 04:00:00,88579,
59.2,59.905,59.04,59.67,10927821.0,59.628,2024-07-23 04:00:00,104422,
59.77,60.21,59.37,59.44,10777076.0,59.5932,2024-07-24 04:00:00,82237,
59.56,60.73,59.45,59.7,14119567.0,60.0927,2024-07-25 04:00:00,109109,
59.85,60.45,59.57,60.39,12538935.0,60.1575,2024-07-26 04:00:00,97235,
60.74,60.83,59.345,59.59,8986171.0,59.6792,2024-07-29 04:00:00,73839,
60.46,60.73,59.885,60.01,11503929.0,60.1968,2024-07-30 04:00:00,92459,
59.82,60.12,59.2,59.34,11535807.0,59.6045,2024-07-31 04:00:00,83925,
59.26,59.34,56.515,56.88,17752743.0,57.1963,2024-08-01 04:00:00,139653,
55.18,55.57,52.8,53.26,27642566.0,53.3946,2024-08-02 04:00:00,224940,
51.3,52.4,50.15,52.12,28594008.0,51.8146,2024-08-05 04:00:00,212190,
52.28,52.96,52.05,52.36,18723461.0,52.6184,2024-08-06 04:00:00,141907,
53.15,53.49,52.15,52.29,18407499.0,52.6431,2024-08-07 04:00:00,136364,
52.97,53.3182,52.65,52.76,16176021.0,52.9072,2024-08-08 04:00:00,98023,
52.3,52.83,52.07,52.76,11668975.0,52.6346,2024-08-09 04:00:00,88576,
52.91,53.47,51.675,52.06,18090061.0,52.1189,2024-08-12 04:00:00,113750,
52.36,52.96,51.81,52.87,12268566.0,52.6086,2024-08-13 04:00:00,81752,
53.03,53.775,52.72,53.66,13217178.0,53.4247,2024-08-14 04:00:00,85910,
54.5,55.17,54.43,54.57,16549362.0,54.7342,2024-08-15 04:00:00,118174,
54.78,55.43,54.61,55.33,19173886.0,55.2205,2024-08-16 04:00:00,95254,
55.345,56.46,55.26,56.45,12792854.0,56.171,2024-08-19 04:00:00,86049,
56.03,56.72,55.92,56.15,12533548.0,56.2781,2024-08-20 04:00:00,92751,
56.44,56.45,55.2,55.46,13691706.0,55.5023,2024-08-21 04:00:00,104825,
55.7,56.37,55.66,55.96,15683045.0,56.0255,2024-08-22 04:00:00,102866,
56.42,57.395,56.32,56.7,17074409.0,56.7577,2024-08-23 04:00:00,126954,
57.02,57.15,56.535,56.72,9478780.0,56.7753,2024-08-26 04:00:00,83529,
56.71,56.92,56.155,56.26,7638523.0,56.3694,2024-08-27 04:00:00,61391,
56.06,57.36,56.03,57.07,11905210.0,56.9897,2024-08-28 04:00:00,105405,
57.31,57.77,56.51,57.35,9283465.0,57.3708,2024-08-29 04:00:00,83814,
57.45,58.58,57.38,58.47,20377255.0,58.2739,2024-08-30 04:00:00,104178,
58.62,58.945,57.9,58.37,15933591.0,58.4561,2024-09-03 04:00:00,138587,
58.49,59.0,57.72,58.12,10985827.0,58.294,2024-09-04 04:00:00,100240,
58.62,58.68,56.54,56.86,18301040.0,56.9614,2024-09-05 04:00:00,133363,
56.68,56.78,53.69,54.0,21853782.0,54.4369,2024-09-06 04:00:00,175884,
54.73,55.08,54.43,54.59,17134809.0,54.6898,2024-09-09 04:00:00,122253,
56.0,56.1,53.38,53.95,24649976.0,54.3765,2024-09-10 04:00:00,207062,
53.72,53.86,52.425,53.73,17322037.0,53.2941,2024-09-11 04:00:00,152769,
53.73,54.34,50.22,51.57,42605419.0,51.9636,2024-09-12 04:00:00,296066,
51.86,53.035,51.75,52.78,24762027.0,52.5016,2024-09-13 04:00:00,188691,
52.81,53.93,52.81,53.79,18066190.0,53.5676,2024-09-16 04:00:00,131530,
53.97,55.065,53.97,54.51,15885201.0,54.6332,2024-09-17 04:00:00,123493,
54.46,55.19,54.1,54.26,20108994.0,54.5285,2024-09-18 04:00:00,158675,
55.01,56.005,54.65,55.8,21399027.0,55.7104,2024-09-19 04:00:00,151464,
55.35,56.29,54.875,56.29,45276002.0,56.0802,2024-09-20 04:00:00,127528,
56.26,56.52,54.9,55.11,14759257.0,55.2244,2024-09-23 04:00:00,96983,
55.12,55.19,53.79,54.16,16365645.0,54.2661,2024-09-24 04:00:00,105798,
54.28,54.33,53.41,53.61,10555705.0,53.6712,2024-09-25 04:00:00,90368,
54.035,57.11,53.315,56.39,34463426.0,55.831,2024-09-26 04:00:00,283375,
56.62,56.62,55.8,55.9,13530435.0,56.1118,2024-09-27 04:00:00,107983,
55.66,56.515,55.48,56.49,16286042.0,56.2761,2024-09-30 04:00:00,98372,
56.0,56.03,55.2,55.39,11069395.0,55.5706,2024-10-01 04:00:00,100715,
55.33,55.814,54.92,55.3,9007156.0,55.2323,2024-10-02 04:00:00,82650,
55.08,55.21,54.405,54.98,8135347.0,54.8727,2024-10-03 04:00:00,75532,
55.99,57.125,55.98,56.96,14594449.0,56.7186,2024-10-04 04:00:00,122740,
57.225,57.63,56.8,57.16,11177802.0,57.1805,2024-10-07 04:00:00,107693,
58.28,58.28,57.27,57.3,12073043.0,57.4757,2024-10-08 04:00:00,97937,
57.32,57.725,57.07,57.54,12415302.0,57.4244,2024-10-09 04:00:00,99723,
57.72,58.39,57.35,57.75,12743970.0,57.8004,2024-10-10 04:00:00,123594,
59.955,61.72,59.92,60.99,37049236.0,61.0393,2024-10-11 04:00:00,253606,
61.27,63.35,60.94,62.16,30758849.0,62.4725,2024-10-14 04:00:00,217703,
62.91,63.82,62.225,63.03,24693400.0,63.1606,2024-10-15 04:00:00,211805,
63.235,64.08,63.12,63.89,17412649.0,63.7371,2024-10-16 04:00:00,141942,
64.49,64.715,63.5,64.38,15073498.0,64.4581,2024-10-17 04:00:00,124792,
64.41,64.78,63.825,64.36,19234041.0,64.4016,2024-10-18 04:00:00,115858,
64.48,64.685,63.92,64.02,15603359.0,64.1958,2024-10-21 04:00:00,118830,
64.02,65.2075,64.0,64.81,26164886.0,64.8153,2024-10-22 04:00:00,129252,
64.77,65.05,63.86,64.56,18380876.0,64.5839,2024-10-23 04:00:00,136427,
64.615,65.57,64.325,65.43,18393320.0,65.1228,2024-10-24 04:00:00,125285,
65.845,65.95,64.245,64.53,14855494.0,64.8462,2024-10-25 04:00:00,127540,
64.995,65.745,64.81,65.61,16158895.0,65.5181,2024-10-28 04:00:00,136001,
65.49,66.0,65.24,65.3,13205453.0,65.5533,2024-10-29 04:00:00,102972,
65.13,66.395,65.13,65.41,16021700.0,65.5367,2024-10-30 04:00:00,93593,
65.1,65.75,64.625,64.92,12963150.0,65.0521,2024-10-31 04:00:00,93551,
65.22,65.58,64.62,64.68,13313938.0,64.9198,2024-11-01 04:00:00,97944,
64.56,64.65,63.05,63.7,12607419.0,63.6539,2024-11-04 05:00:00,112115,
64.0,64.5,63.62,64.07,13447215.0,63.9715,2024-11-05 05:00:00,105459,
73.3,74.27,69.95,72.47,63689141.0,72.2346,2024-11-06 05:00:00,479911,
71.64,71.67,69.735,69.82,18681172.0,70.3653,2024-11-07 05:00:00,175223,
70.005,70.13,69.36,70.04,14270937.0,69.8514,2024-11-08 05:00:00,112276,
71.02,73.25,71.02,72.56,17117844.0,72.5957,2024-11-11 05:00:00,152823,
72.775,73.37,72.11,72.6,17848158.0,72.6456,2024-11-12 05:00:00,136880,
72.75,73.96,72.655,72.77,18823337.0,73.0245,2024-11-13 05:00:00,128582,
72.85,73.47,72.5101,72.8,13654820.0,72.9165,2024-11-14 05:00:00,110925,
73.0,74.41,72.89,74.34,18836977.0,73.7619,2024-11-15 05:00:00,141836,
74.5,74.7,73.72,74.09,18440126.0,74.128,2024-11-18 05:00:00,120526,
73.62,74.16,73.13,73.43,15412942.0,73.6376,2024-11-19 05:00:00,106667,
73.67,73.78,72.425,73.58,14415359.0,73.3368,2024-11-20 05:00:00,112903,
73.935,76.04,73.935,74.83,20068239.0,75.1664,2024-11-21 05:00:00,148889,
74.565,76.08,74.55,75.96,14997402.0,75.5642,2024-11-22 05:00:00,110716,
76.2,77.305,75.965,76.9,28636560.0,76.7796,2024-11-25 05:00:00,161635,
77.5,78.13,76.36,77.35,19139091.0,77.4662,2024-11-26 05:00:00,145657,
77.37,77.79,76.425,77.21,19793927.0,77.0214,2024-11-27 05:00:00,121821,
77.69,78.04,76.14,76.17,9785038.0,76.6129,2024-11-29 05:00:00,67612,
76.95,76.95,74.8,75.28,18274471.0,75.3209,2024-12-02 05:00:00,150283,
75.81,75.85,74.02,74.14,15047857.0,74.4129,2024-12-03 05:00:00,114398,
74.05,74.25,72.71,73.06,14301098.0,73.1524,2024-12-04 05:00:00,112749,
73.4,74.61,73.1,73.66,17766742.0,74.0192,2024-12-05 05:00:00,122255,
73.99,74.72,73.73,74.33,14798102.0,74.2398,2024-12-06 05:00:00,103233,
74.305,74.55,72.42,72.62,15517503.0,73.3293,2024-12-09 05:00:00,139535,
73.5,73.5,71.9,72.05,12277491.0,72.2345,2024-12-10 05:00:00,111160,
72.59,72.92,71.45,71.6,11867433.0,71.7887,2024-12-11 05:00:00,91547,
71.88,72.06,70.79,70.8,12446710.0,71.1534,2024-12-12 05:00:00,100559,
70.853,71.05,70.02,70.44,16794527.0,70.3603,2024-12-13 05:00:00,118137,
70.47,72.29,69.82,71.98,24602530.0,71.4277,2024-12-16 05:00:00,158736,
71.047,71.54,70.38,70.81,15595907.0,70.8189,2024-12-17 05:00:00,125756,
70.61,71.5,68.61,68.76,21201203.0,69.8868,2024-12-18 05:00:00,167723,
69.4,70.69,68.67,68.85,16444623.0,69.1303,2024-12-19 05:00:00,117153,
69.17,71.035,68.77,70.34,50113370.0,70.3,2024-12-20 05:00:00,147819,
69.72,70.69,69.6176,70.54,11816967.0,70.3632,2024-12-23 05:00:00,83013,
70.67,71.59,70.54,71.59,4442654.0,71.2243,2024-12-24 05:00:00,44621,
71.43,71.84,71.11,71.76,6964333.0,71.5009,2024-12-26 05:00:00,66551,
71.18,71.74,70.63,71.11,7219740.0,71.0961,2024-12-27 05:00:00,65918,
70.41,70.795,69.77,70.41,8443769.0,70.4276,2024-12-30 05:00:00,81737,
70.53,70.9199,70.06,70.24,7031615.0,70.2967,2024-12-31 05:00:00,69408,
70.48,71.21,69.76,70.19,8303301.0,70.37,2025-01-02 05:00:00,84454,
70.35,71.42,69.74,71.31,9154750.0,70.898,2025-01-03 05:00:00,82664,
71.925,73.25,71.5301,72.03,15565647.0,72.2637,2025-01-06 05:00:00,111568,
72.975,73.13,71.51,71.59,13521984.0,72.0612,2025-01-07 05:00:00,113119,
71.51,72.08,71.06,71.57,16544696.0,71.5422,2025-01-08 05:00:00,117556,
70.9,70.93,69.34,69.96,14466594.0,69.9955,2025-01-10 05:00:00,131674,
69.9,70.61,69.555,70.53,10439794.0,70.2581,2025-01-13 05:00:00,98887,
71.46,71.46,70.29,71.19,21909821.0,70.9749,2025-01-14 05:00:00,174364,
75.36,76.82,73.65,75.95,33482930.0,75.4653,2025-01-15 05:00:00,251535,
75.85,76.44,74.685,75.95,22897930.0,75.6355,2025-01-16 05:00:00,156259,
75.98,77.25,75.5,77.08,20673730.0,76.4368,2025-01-17 05:00:00,137845,
77.69,78.29,77.33,77.85,21057650.0,77.8496,2025-01-21 05:00:00,121761,
77.57,77.81,76.865,77.54,11669520.0,77.3951,2025-01-22 05:00:00,94449,
77.71,78.3,77.025,77.43,12981823.0,77.53,2025-01-23 05:00:00,91955,
77.0,77.65,77.0,77.32,10393298.0,77.3761,2025-01-24 05:00:00,82716,
77.4,78.04,76.89,77.94,10637065.0,77.5161,2025-01-27 05:00:00,107365,
77.87,78.15,77.17,77.88,11561996.0,77.7389,2025-01-28 05:00:00,106173,
77.75,78.98,77.61,78.37,9175363.0,78.4093,2025-01-29 05:00:00,87235,
79.145,79.24,78.08,78.82,11275962.0,78.8079,2025-01-30 05:00:00,101412,
78.695,79.2857,78.31,78.8,14983820.0,78.7825,2025-01-31 05:00:00,113858,
77.23,78.505,77.02,78.14,12395165.0,77.9285,2025-02-03 05:00:00,120325,
79.84,79.85,78.44,79.47,14665238.0,79.3564,2025-02-04 05:00:00,120420,
79.66,80.35,79.18,80.05,17930960.0,80.0283,2025-02-05 05:00:00,129910,
80.5,81.5,79.91,81.42,16988870.0,81.1217,2025-02-06 05:00:00,124977,
81.27,81.3,79.09,80.67,17951665.0,80.6348,2025-02-07 05:00:00,157607,
80.46,80.57,78.25,79.1,18357356.0,78.9915,2025-02-10 05:00:00,143502,
78.77,79.965,77.81,79.64,16683024.0,79.5211,2025-02-11 05:00:00,119385,
79.2,79.72,78.83,79.25,13440503.0,79.2918,2025-02-12 05:00:00,104925,
79.43,79.655,78.605,78.85,10093391.0,78.9918,2025-02-13 05:00:00,94529,
79.23,80.3399,78.89,79.98,17521307.0,79.873,2025-02-14 05:00:00,111705,
79.99,80.95,79.49,80.78,15318290.0,80.599,2025-02-18 05:00:00,124245,
80.32,80.645,79.97,80.35,13917415.0,80.3885,2025-02-19 05:00:00,121122,
80.11,80.28,78.02,78.63,14807119.0,78.7819,2025-02-20 05:00:00,119986,
78.91,79.45,77.33,77.5,18205374.0,78.174,2025-02-21 05:00:00,128911,
77.97,78.52,76.41,77.22,12989712.0,77.4672,2025-02-24 05:00:00,118768,
77.87,78.035,74.93,76.0,15683388.0,76.0744,2025-02-25 05:00:00,151323,
76.35,77.77,76.27,76.45,13466826.0,76.8832,2025-02-26 05:00:00,116347,
76.99,77.92,76.375,76.62,13744399.0,77.0833,2025-02-27 05:00:00,137547,
77.04,78.42,76.5871,78.32,24698778.0,77.9198,2025-02-28 05:00:00,151050,
78.86,78.98,76.32,77.03,18013395.0,77.9022,2025-03-03 05:00:00,170477,
75.47,75.65,71.34,73.3,28858219.0,73.1374,2025-03-04 05:00:00,284647,
73.21,74.63,72.44,74.16,20422009.0,73.6423,2025-03-05 05:00:00,194298,
73.79,73.89,71.6288,72.65,19460421.0,72.7103,2025-03-06 05:00:00,181551,
72.25,72.25,68.1,71.05,21256856.0,70.3531,2025-03-07 05:00:00,222074,
69.55,69.55,65.515,66.78,27582865.0,67.08,2025-03-10 04:00:00,255048,
66.825,68.01,65.785,67.28,24310690.0,67.0005,2025-03-11 04:00:00,235296,
68.8,69.49,67.7,68.93,18462333.0,68.8716,2025-03-12 04:00:00,170083,
69.63,69.725,68.31,68.46,17471458.0,68.7373,2025-03-13 04:00:00,172960,
69.46,71.065,69.25,70.85,15762259.0,70.4655,2025-03-14 04:00:00,143141,
70.47,71.56,70.083,70.84,11184960.0,70.8042,2025-03-17 04:00:00,106632,
71.005,71.48,70.385,71.11,11102079.0,70.9576,2025-03-18 04:00:00,130871,
71.14,73.825,70.83,72.76,14453638.0,72.574,2025-03-19 04:00:00,134992,
71.84,73.3651,71.78,72.52,12388300.0,72.6479,2025-03-20 04:00:00,105812,
71.96,72.775,71.15,72.52,32647128.0,72.3617,2025-03-21 04:00:00,115384,
73.64,74.53,73.3406,74.28,10688938.0,74.0985,2025-03-24 04:00:00,96813,
74.47,74.66,73.83,74.24,9499297.0,74.2197,2025-03-25 04:00:00,90028,
74.39,75.375,73.12,73.47,10851951.0,73.9045,2025-03-26 04:00:00,103200,
73.57,73.57,72.22,72.28,10457578.0,72.6751,2025-03-27 04:00:00,99120,
72.265,72.55,69.95,70.69,13555193.0,70.6321,2025-03-28 04:00:00,133756,
69.9,72.065,69.56,71.79,14855342.0,71.4046,2025-03-31 04:00:00,112651,
70.84,71.63,70.115,71.31,10661039.0,70.9946,2025-04-01 04:00:00,104659,
70.56,72.475,70.22,72.26,8854066.0,71.8864,2025-04-02 04:00:00,95412,
67.78,68.72,65.41,65.67,25880259.0,66.5647,2025-04-03 04:00:00,270115,
62.75,63.57,59.7101,60.98,31050750.0,61.1417,2025-04-04 04:00:00,322641,
60.69,64.335,58.42,62.17,41305768.0,61.4037,2025-04-07 04:00:00,387993,
64.685,65.63,60.88,62.08,27374198.0,63.2103,2025-04-08 04:00:00,264455,
60.64,67.19,59.43,66.33,42744848.0,63.8166,2025-04-09 04:00:00,340462,
64.95,65.0,61.49,63.11,29025954.0,63.0839,2025-04-10 04:00:00,276338,
61.54,63.6235,59.65,62.51,33866990.0,61.741,2025-04-11 04:00:00,283963,
63.16,64.01,62.395,63.1,28057823.0,63.2459,2025-04-14 04:00:00,214667,
63.44,65.42,63.3,64.54,20903300.0,64.7204,2025-04-15 04:00:00,170747,
63.89,64.9765,63.37,63.98,17350992.0,64.1922,2025-04-16 04:00:00,168552,
64.38,65.705,64.065,64.71,18961771.0,64.9801,2025-04-17 04:00:00,165720,
64.2,65.16,63.4,64.01,17859094.0,64.0058,2025-04-21 04:00:00,147068,
64.71,66.41,64.71,66.23,17536579.0,65.9113,2025-04-22 04:00:00,154103,
67.435,69.5,67.435,67.94,20678780.0,68.3795,2025-04-23 04:00:00,198778,
67.7,69.845,67.5,69.56,18420882.0,69.2306,2025-04-24 04:00:00,150171,
69.065,70.195,68.995,69.73,17775914.0,69.7007,2025-04-25 04:00:00,139650,
69.81,70.56,68.67,69.43,16694076.0,69.4172,2025-04-28 04:00:00,114423,
68.95,71.34,68.95,71.1,24563554.0,70.6196,2025-04-29 04:00:00,220861,
69.67,71.41,69.33,71.01,23952976.0,70.6173,2025-04-30 04:00:00,170406,
70.755,72.47,70.43,71.81,19672472.0,72.0023,2025-05-01 04:00:00,172886,
73.0,74.16,72.87,73.8,18347422.0,73.7064,2025-05-02 04:00:00,165913,
73.35,74.8851,73.04,73.85,16070390.0,74.29,2025-05-05 04:00:00,146090,
73.14,74.195,72.56,73.48,18095111.0,73.6907,2025-05-06 04:00:00,149117,
73.6,74.3,72.98,73.18,14310348.0,73.6516,2025-05-07 04:00:00,124729,
73.685,73.985,72.63,73.31,19957459.0,73.3942,2025-05-08 04:00:00,154381,
73.135,73.24,72.03,72.45,11137041.0,72.4448,2025-05-09 04:00:00,102059,
74.99,75.25,74.07,74.88,20425541.0,74.5147,2025-05-12 04:00:00,158060,
75.44,76.58,74.965,75.99,13635074.0,75.9269,2025-05-13 04:00:00,133503,
76.24,76.49,75.83,76.28,14067098.0,76.2126,2025-05-14 04:00:00,114195,
76.06,76.52,75.32,75.59,15303909.0,75.6571,2025-05-15 04:00:00,126575,
75.555,76.35,75.37,76.18,13864562.0,76.0798,2025-05-16 04:00:00,109605,
75.6,76.41,75.43,76.06,12720458.0,76.0424,2025-05-19 04:00:00,110872,
75.48,75.87,75.07,75.52,10655614.0,75.4447,2025-05-20 04:00:00,104782,
74.94,75.13,73.09,73.19,17711288.0,73.6932,2025-05-21 04:00:00,138563,
73.14,73.885,72.48,73.39,9716997.0,73.2772,2025-05-22 04:00:00,113271,
71.895,73.186,71.895,72.83,9260881.0,72.7542,2025-05-23 04:00:00,93178,
73.605,74.09,73.05,73.99,11014073.0,73.6557,2025-05-27 04:00:00,116156,
74.2,74.36,73.335,73.73,8711110.0,73.8032,2025-05-28 04:00:00,98881,
74.41,75.08,73.335,74.51,14022053.0,74.1164,2025-05-29 04:00:00,132501,
74.2,74.8,73.73,74.78,17041969.0,74.5865,2025-05-30 04:00:00,119596,
74.255,74.75,73.265,74.72,11237467.0,74.1425,2025-06-02 04:00:00,114542,
74.72,75.835,74.37,75.65,13193503.0,75.846,2025-06-03 04:00:00,122221,
77.7,78.8,75.38,75.38,29577980.0,76.5313,2025-06-04 04:00:00,244985,
75.61,75.755,74.18,74.9,20148718.0,74.7451,2025-06-05 04:00:00,169365,
76.15,76.76,75.83,76.33,10988023.0,76.1827,2025-06-06 04:00:00,111685,
76.55,76.7,75.9305,76.46,13453151.0,76.3777,2025-06-09 04:00:00,113275,
76.16,76.35,75.13,75.45,14892891.0,75.5333,2025-06-10 04:00:00,139608,
75.54,75.72,74.57,74.93,16442377.0,75.0765,2025-06-11 04:00:00,159504,
74.33,74.52,73.17,74.01,14522493.0,73.8955,2025-06-12 04:00:00,127901,
72.92,73.79,71.93,72.36,21168334.0,72.775,2025-06-13 04:00:00,160802,
73.395,73.72,72.925,73.15,16231481.0,73.2404,2025-06-16 04:00:00,130983,
72.78,73.21,72.3,72.5,14156764.0,72.6844,2025-06-17 04:00:00,126618,
72.65,75.135,72.57,74.74,23498254.0,74.5096,2025-06-18 04:00:00,180955,
75.24,75.775,75.07,75.4,27677535.0,75.4026,2025-06-20 04:00:00,141449,
75.13,77.03,74.82,77.01,17375689.0,76.1465,2025-06-23 04:00:00,148892,
77.715,78.75,77.715,78.11,16342330.0,78.2538,2025-06-24 04:00:00,157693,
78.275,79.3112,77.99,79.07,13954461.0,78.8876,2025-06-25 04:00:00,127625,
79.44,80.095,79.19,79.96,18214760.0,79.7967,2025-06-26 04:00:00,137654,
79.995,80.15,78.955,79.5,21324186.0,79.5913,2025-06-27 04:00:00,137949,
80.48,81.1,79.91,80.12,21685816.0,80.3619,2025-06-30 04:00:00,161572,
80.05,81.505,79.91,81.49,20967092.0,81.042,2025-07-01 04:00:00,165962,
81.915,82.4,81.25,82.36,15195059.0,82.0891,2025-07-02 04:00:00,129646,
82.64,83.945,82.5,83.6,11237287.0,83.5443,2025-07-03 04:00:00,107731,
82.97,83.59,81.5,82.34,18155970.0,82.4252,2025-07-07 04:00:00,164493,
82.3,82.415,81.03,81.59,18303368.0,81.674,2025-07-08 04:00:00,160787,
82.43,82.52,81.46,81.79,16135513.0,81.8126,2025-07-09 04:00:00,138695,
81.61,82.735,81.61,82.36,14349176.0,82.2976,2025-07-10 04:00:00,120288,
81.75,82.68,81.43,82.55,12583148.0,82.2921,2025-07-11 04:00:00,120350,
82.2,83.515,82.12,83.43,20194153.0,83.1775,2025-07-14 04:00:00,169278,
80.75,81.0793,77.725,78.86,53937981.0,78.9983,2025-07-15 04:00:00,405500,
78.885,80.08,78.21,79.91,30567512.0,79.4086,2025-07-16 04:00:00,255010,
79.46,80.65,79.1,79.71,21837606.0,79.937,2025-07-17 04:00:00,193187,
79.845,80.77,78.88,80.64,21235952.0,80.2635,2025-07-18 04:00:00,152264,
80.75,81.46,80.17,80.28,14506595.0,80.7682,2025-07-21 04:00:00,129077,
80.28,82.59,80.28,82.38,22437003.0,81.8886,2025-07-22 04:00:00,190329,
83.0,83.925,82.605,83.7,19379220.0,83.4021,2025-07-23 04:00:00,165552,
83.84,84.83,83.12,83.87,19031175.0,84.1989,2025-07-24 04:00:00,149187,
84.12,84.455,83.23,84.32,14072398.0,84.2007,2025-07-25 04:00:00,134420,
84.32,84.5,82.71,83.07,10627130.0,83.2654,2025-07-28 04:00:00,105318,
83.63,83.695,82.2,82.65,12478156.0,82.6768,2025-07-29 04:00:00,111744,
82.99,83.09,81.305,81.78,15579053.0,82.1811,2025-07-30 04:00:00,129007,
81.35,81.93,80.33,80.63,14813914.0,80.85,2025-07-31 04:00:00,134019,
79.19,79.35,77.4,77.78,16071318.0,78.0064,2025-08-01 04:00:00,157194,
78.52,78.525,76.91,77.58,13892055.0,77.5389,2025-08-04 04:00:00,133725,
78.34,78.35,76.155,77.96,15765121.0,77.573,2025-08-05 04:00:00,152157,
77.905,78.815,77.56,77.61,14157025.0,78.0771,2025-08-06 04:00:00,125559,
78.28,78.3,76.78,77.05,13105942.0,77.2053,2025-08-07 04:00:00,128218,
77.11,78.18,76.35,77.85,14122980.0,77.745,2025-08-08 04:00:00,132481,
78.01,78.09,77.23,77.59,14408079.0,77.613,2025-08-11 04:00:00,120223,
78.22,79.555,78.15,79.48,14366372.0,79.2679,2025-08-12 04:00:00,124857,
79.675,79.72,77.1,77.89,14415138.0,78.2807,2025-08-13 04:00:00,149749,
78.275,79.579,77.705,79.41,16051482.0,79.1472,2025-08-14 04:00:00,144800,
79.54,79.65,77.005,77.1,15380417.0,77.7488,2025-08-15 04:00:00,145997,
76.99,77.6,76.91,77.44,11660879.0,77.3397,2025-08-18 04:00:00,97640,
77.16,77.77,77.03,77.53,10118544.0,77.416,2025-08-19 04:00:00,90387,
77.475,78.479,76.59,78.16,12102230.0,77.9,2025-08-20 04:00:00,109821,
77.88,78.07,77.08,77.83,9102838.0,77.8345,2025-08-21 04:00:00,96076,
78.34,79.31,78.13,79.1,11282594.0,78.9633,2025-08-22 04:00:00,117329,
78.88,80.5,78.87,80.19,12016971.0,80.0137,2025-08-25 04:00:00,118671,
79.82,81.63,79.78,81.51,14936593.0,81.0865,2025-08-26 04:00:00,128733,
81.26,83.205,81.24,82.5,15567692.0,82.626,2025-08-27 04:00:00,159863,
82.875,83.13,81.915,81.98,13963176.0,82.3054,2025-08-28 04:00:00,117692,
81.965,82.81,81.8,82.18,12041272.0,82.2855,2025-08-29 04:00:00,113400,
81.71,81.82,80.4401,81.78,13325976.0,81.4091,2025-09-02 04:00:00,138579,
81.73,82.01,80.015,80.51,11173968.0,80.6203,2025-09-03 04:00:00,118877,
80.75,82.1265,80.225,81.83,10822312.0,81.688,2025-09-04 04:00:00,120092,
81.64,82.02,78.7,78.96,20661440.0,79.5415,2025-09-05 04:00:00,196426,
78.99,79.79,78.56,79.14,17106972.0,79.2063,2025-09-08 04:00:00,146746,
79.31,81.455,79.0,80.76,17157295.0,80.8615,2025-09-09 04:00:00,164424,
80.66,81.24,79.91,80.3,16460207.0,80.4052,2025-09-10 04:00:00,145758,
80.2,81.385,79.78,81.25,17785769.0,80.9993,2025-09-11 04:00:00,133815,
81.1,81.635,80.7875,81.46,10498608.0,81.2816,2025-09-12 04:00:00,106880,
81.61,81.815,81.13,81.41,9563192.0,81.4107,2025-09-15 04:00:00,98987,
81.56,81.61,80.085,81.39,10705921.0,81.101,2025-09-16 04:00:00,112240,
81.215,82.72,80.54,82.48,14746095.0,82.0356,2025-09-17 04:00:00,145832,
82.565,83.52,81.94,83.5,13021112.0,83.0455,2025-09-18 04:00:00,119457,
83.83,84.925,82.9301,84.64,36482387.0,84.4729,2025-09-19 04:00:00,132077,
83.88,85.28,83.74,85.16,14544979.0,84.7582,2025-09-22 04:00:00,119627,
85.15,86.655,83.67,84.37,14818507.0,84.8586,2025-09-23 04:00:00,137130,
84.65,85.37,83.66,84.11,9478931.0,84.3155,2025-09-24 04:00:00,91046,
83.69,84.66,83.555,84.32,8514892.0,84.1682,2025-09-25 04:00:00,91555,
84.69,85.64,84.555,85.01,8502912.0,85.0779,2025-09-26 04:00:00,91856,
84.7,85.185,84.035,84.65,9834068.0,84.5326,2025-09-29 04:00:00,104017,
84.655,85.12,82.6613,83.82,11428987.0,83.6043,2025-09-30 04:00:00,117763,
83.1,83.6,80.77,80.87,16961912.0,81.488,2025-10-01 04:00:00,162740,
80.7,81.05,80.035,80.5,11419979.0,80.5131,2025-10-02 04:00:00,123979,
81.02,81.69,80.44,80.67,10124895.0,80.8905,2025-10-03 04:00:00,106041,
80.56,81.46,79.57,80.69,12837746.0,80.5833,2025-10-06 04:00:00,124305,
80.87,81.3601,80.535,81.14,10371256.0,80.9659,2025-10-07 04:00:00,91895,
81.255,81.33,79.54,79.73,11277365.0,80.1529,2025-10-08 04:00:00,100678,
79.91,80.745,79.42,79.89,8432166.0,79.8677,2025-10-09 04:00:00,92252,
79.605,80.44,77.62,77.62,16004293.0,78.5255,2025-10-10 04:00:00,166760,
78.74,79.23,78.275,78.92,14229294.0,78.9427,2025-10-13 04:00:00,146884,
82.52,86.06,80.39,84.56,36260554.0,83.9423,2025-10-14 04:00:00,362066,
85.165,87.47,85.16,86.46,22909412.0,86.4844,2025-10-15 04:00:00,233183,
86.99,87.43,83.0,84.0,22715623.0,84.9421,2025-10-16 04:00:00,229917,
84.45,84.525,82.31,83.28,18798991.0,83.5095,2025-10-17 04:00:00,171310,
83.615,86.14,83.09,86.02,15777224.0,85.5545,2025-10-20 04:00:00,151625,
86.12,87.31,84.655,84.76,20101124.0,85.5626,2025-10-21 04:00:00,174287,
85.15,85.16,83.14,83.88,18955029.0,83.9456,2025-10-22 04:00:00,176405,
84.31,85.48,83.75,84.46,14157823.0,84.4599,2025-10-23 04:00:00,138553,
84.8,86.88,84.76,86.41,14011435.0,86.3794,2025-10-24 04:00:00,148558,
86.9,87.34,86.31,87.01,11681994.0,86.8823,2025-10-27 04:00:00,119879,
87.055,87.2999,85.78,86.9,13200962.0,86.7988,2025-10-28 04:00:00,132987,
86.815,87.235,85.67,86.0,16444350.0,86.4779,2025-10-29 04:00:00,161190,
86.08,87.26,85.88,85.99,14829970.0,86.6043,2025-10-30 04:00:00,140089,
85.48,87.35,85.01,86.97,14776738.0,86.7205,2025-10-31 04:00:00,133800,
87.14,87.89,85.85,87.3,12769342.0,87.1648,2025-11-03 05:00:00,131905,
87.0,88.5,85.88,87.13,16737680.0,87.3676,2025-11-04 05:00:00,153882,
87.38,88.3,85.91,86.95,15609717.0,87.3967,2025-11-05 05:00:00,154420,
86.9,87.34,85.515,86.04,16800171.0,86.2066,2025-11-06 05:00:00,144684,
85.11,86.09,84.04,86.04,15612089.0,85.2667,2025-11-07 05:00:00,150777,
86.285,87.0,85.45,86.1,13138552.0,86.1641,2025-11-10 05:00:00,124809,
86.11,87.0599,86.045,86.19,13851472.0,86.4543,2025-11-11 05:00:00,133754,
86.31,88.64,85.935,86.26,16775234.0,86.9097,2025-11-12 05:00:00,187151,
86.16,86.8892,84.465,84.7,15707987.0,85.2679,2025-11-13 05:00:00,165521,
84.45,85.3498,82.96,85.05,15397272.0,84.6926,2025-11-14 05:00:00,159283,
84.685,85.05,82.54,83.42,14457093.0,83.7931,2025-11-17 05:00:00,157043,
83.415,84.76,82.93,83.86,14234108.0,84.0628,2025-11-18 05:00:00,154911,
83.975,84.82,83.61,84.16,10959596.0,84.2382,2025-11-19 05:00:00,123240,
85.055,86.04,82.32,82.4,12135845.0,83.3155,2025-11-20 05:00:00,139068,
82.77,83.63,81.05,83.11,16169513.0,82.745,2025-11-21 05:00:00,140963,
83.09,85.09,82.41,84.66,27574482.0,84.1583,2025-11-24 05:00:00,191393,
84.525,85.54,83.61,85.1,12966444.0,84.7833,2025-11-25 05:00:00,139891,
85.42,86.39,85.13,85.56,9304299.0,85.8111,2025-11-26 05:00:00,97960,
85.64,86.52,85.305,85.85,6545001.0,85.944,2025-11-28 05:00:00,64427,
85.83,86.56,85.165,85.4,9794023.0,85.6074,2025-12-01 05:00:00,93862,
85.69,86.785,85.28,86.32,9483957.0,86.3125,2025-12-02 05:00:00,99795,
86.26,89.39,86.26,89.35,14439300.0,88.5154,2025-12-03 05:00:00,138675,
89.4,90.63,89.32,90.21,13433025.0,90.1765,2025-12-04 05:00:00,124030,
89.99,91.11,89.55,89.83,11210942.0,90.1354,2025-12-05 05:00:00,117316,
89.825,91.02,89.15,90.06,13267574.0,90.0887,2025-12-08 05:00:00,129390,
90.24,90.245,88.775,88.89,17101654.0,89.3836,2025-12-09 05:00:00,168195,
88.94,90.865,88.19,90.69,22729108.0,89.9413,2025-12-10 05:00:00,226948,
90.54,93.4173,90.22,92.59,15505116.0,92.3863,2025-12-11 05:00:00,168981,
93.12,93.42,92.12,92.76,12532836.0,92.787,2025-12-12 05:00:00,142785,
93.58,94.26,92.49,92.9,13885156.0,93.0569,2025-12-15 05:00:00,143075,
93.08,93.165,91.43,92.19,12981086.0,92.1733,2025-12-16 05:00:00,130741,
92.755,93.33,92.47,92.59,14818954.0,92.7921,2025-12-17 05:00:00,138890,
93.03,93.89,91.285,91.48,11844109.0,92.0547,2025-12-18 05:00:00,131767,
91.61,93.131,91.6,93.01,37783890.0,92.8586,2025-12-19 05:00:00,119584,
93.2,94.385,93.05,94.28,9512327.0,94.0892,2025-12-22 05:00:00,90027,
94.24,94.675,94.025,94.47,8642102.0,94.366,2025-12-23 05:00:00,95106,
94.65,95.845,94.47,95.3,5506806.0,95.3757,2025-12-24 05:00:00,57089,
95.355,95.465,94.7244,95.26,5169406.0,95.0899,2025-12-26 05:00:00,66747,
95.36,95.61,94.37,94.52,8624207.0,94.6458,2025-12-29 05:00:00,86405,
94.73,94.88,93.99,94.31,6418098.0,94.2608,2025-12-30 05:00:00,64929,
94.5,94.68,93.115,93.2,7919574.0,93.45,2025-12-31 05:00:00,75324,
93.3,95.345,92.805,95.2,9242623.0,94.4534,2026-01-02 05:00:00,100612,
95.09,97.76,94.975,96.38,14383991.0,96.7566,2026-01-05 05:00:00,147182,
95.4,96.545,95.07,96.39,12329215.0,96.0045,2026-01-06 05:00:00,131757,
95.71,95.89,93.65,94.29,14589529.0,94.4039,2026-01-07 05:00:00,152298,
94.26,96.155,94.19,95.6,12406013.0,95.6027,2026-01-08 05:00:00,140130,
95.81,96.565,95.255,95.95,10261332.0,95.8359,2026-01-09 05:00:00,114172,
94.83,95.54,93.885,94.96,15958140.0,94.7251,2026-01-12 05:00:00,160713,
95.29,95.75,93.055,93.56,21998550.0,93.9002,2026-01-13 05:00:00,209592,
90.75,90.8,88.06,89.25,33803927.0,89.1018,2026-01-14 05:00:00,346817,
89.34,89.91,88.36,88.96,21738571.0,89.1178,2026-01-15 05:00:00,207561,
88.96,89.6918,88.08,88.38,26981614.0,88.7854,2026-01-16 05:00:00,176708,
87.26,88.64,86.28,86.66,19353525.0,87.1275,2026-01-20 05:00:00,177072,
86.5,87.56,86.03,86.12,17606674.0,86.5866,2026-01-21 05:00:00,168165,
86.43,89.0,86.43,88.04,19668941.0,88.1501,2026-01-22 05:00:00,163331,
87.5,87.71,86.03,86.96,15227498.0,86.8004,2026-01-23 05:00:00,143712,
87.1,88.2855,87.1,88.05,13047439.0,87.9587,2026-01-26 05:00:00,131215,
88.15,89.065,87.48,88.71,15105426.0,88.4499,2026-01-27 05:00:00,140207,
88.62,89.06,86.84,88.03,16395695.0,87.8132,2026-01-28 05:00:00,157160,
88.69,90.64,88.54,90.64,21496996.0,89.8016,2026-01-29 05:00:00,186684,
90.205,91.05,89.75,90.49,18306892.0,90.441,2026-01-30 05:00:00,170958,
90.16,92.795,89.9,92.27,13835176.0,92.1224,2026-02-02 05:00:00,152272,
92.71,94.79,91.9,92.31,18099049.0,93.0399,2026-02-03 05:00:00,176065,
92.645,93.91,92.53,93.14,12382833.0,93.1995,2026-02-04 05:00:00,140634,
92.85,93.06,90.91,92.01,12641313.0,91.7965,2026-02-05 05:00:00,144090,
92.75,94.65,92.56,93.97,13205720.0,94.0311,2026-02-06 05:00:00,141044,
93.75,95.09,89.0,94.61,20544849.0,93.8242,2026-02-09 05:00:00,194245,
94.305,95.01,89.75,91.91,20148421.0,92.313,2026-02-10 05:00:00,189092,
92.65,93.08,88.5,88.95,15461694.0,89.7902,2026-02-11 05:00:00,173982,
89.31,89.97,85.825,86.29,16858172.0,86.73,2026-02-12 05:00:00,175293,
85.68,87.445,85.09,86.98,12424984.0,86.6843,2026-02-13 05:00:00,134499,
87.83,88.8399,87.31,87.4,12361853.0,87.7054,2026-02-17 05:00:00,111740,
87.82,89.4,87.65,88.56,8251266.0,88.5596,2026-02-18 05:00:00,94507,
87.835,88.16,86.6,87.57,10427324.0,87.4092,2026-02-19 05:00:00,111941,
87.36,88.71,86.14,88.7,14255044.0,87.9596,2026-02-20 05:00:00,145694,
88.17,88.6,83.775,85.15,20607036.684885,85.1681,2026-02-23 05:00:00,217835,
84.4,85.19,82.47,84.57,18817658.180534,84.1394,2026-02-24 05:00:00,193721,
85.19,86.92,84.97,86.76,16620717.581426,86.3911,2026-02-25 05:00:00,149061,
86.89,88.32,85.58,86.3,18768354.462227,86.5962,2026-02-26 05:00:00,205036,
84.67,84.82,80.45,81.45,29145017.918283,81.5559,2026-02-27 05:00:00,253568,
79.15,83.065,78.94,82.58,21834278.910086,82.0434,2026-03-02 05:00:00,202956,
80.995,83.49,79.85,82.53,19018618.122888,82.0743,2026-03-03 05:00:00,214437,
82.69,84.04,82.03,83.93,18061158.671928,83.3915,2026-03-04 05:00:00,151792,
83.65,83.7976,81.19,82.11,20939177.276663,82.0444,2026-03-05 05:00:00,184412,
80.26,80.57,77.94,80.42,16798897.449748,79.8378,2026-03-06 05:00:00,170450,
79.43,79.79,76.86,78.83,24959470.091463,77.9102,2026-03-09 04:00:00,240949,
78.95,79.8,77.45,78.3,18481718.650715,78.685,2026-03-10 04:00:00,183988,
78.05,78.23,76.5,76.88,17497291.293737,76.969,2026-03-11 04:00:00,156834,
75.475,75.54,74.645,75.25,24794091.273695,75.0956,2026-03-12 04:00:00,222439,
75.65,76.21,74.03,74.1,15496904.297616,74.8656,2026-03-13 04:00:00,160559,
74.83,75.89,74.37,75.75,17836282.710234,75.4957,2026-03-16 04:00:00,169273,
76.5,77.17,75.82,76.23,18173447.520832,76.3758,2026-03-17 04:00:00,144134,
75.81,76.89,75.81,76.19,12951232.394967,76.3181,2026-03-18 04:00:00,124754,
75.68,76.8,74.68,76.39,18744421.374636,75.9202,2026-03-19 04:00:00,176659,
76.4,77.92,76.21,77.6,40461099.971243,77.3962,2026-03-20 04:00:00,214876,
79.49,79.8,78.12,78.28,15320803.430081,78.6977,2026-03-23 04:00:00,166021,
77.63,80.465,77.575,79.61,19134339.339502,79.7353,2026-03-24 04:00:00,166318,
79.51,80.785,79.33,80.26,17213443.093235,80.3213,2026-03-25 04:00:00,140719,
79.89,80.3,78.72,79.02,15430484.788114,79.2025,2026-03-26 04:00:00,143338,
78.62,78.63,76.855,77.19,13674879.078029,77.4618,2026-03-27 04:00:00,136444,
77.88,78.22,76.49,76.8,14311545.550707,77.0362,2026-03-30 04:00:00,131534,
77.83,79.74,77.45,79.61,19097629.059957,79.1743,2026-03-31 04:00:00,155300,
81.19,81.7,80.175,80.57,14979446.876803,80.8712,2026-04-01 04:00:00,153172,
79.405,80.84,78.69,80.6,10001816.370956,80.3008,2026-04-02 04:00:00,107202,
